"Timestamp","Your Age","Gender","Region","Which medium do you prefer for ordered food?","Which food do you prefer for lunch?"
"2021/12/21 10:44:52 AM GMT+5:30","45-55","Male","East","Zomato","Chapati-Sabji"
"2021/12/21 10:48:24 AM GMT+5:30","45-55","Male","East","Swiggy","Chapati-Sabji"
"2021/12/21 12:13:12 PM GMT+5:30","25-35","Male","East","Zomato","Biryani"
"2021/12/21 8:03:52 PM GMT+5:30","25-35","Male","North","Swiggy","Biryani"
"2021/12/21 8:04:04 PM GMT+5:30","25-35","Male","North","Zomato","Biryani"
"2021/12/21 8:04:15 PM GMT+5:30","25-35","Female","North","Swiggy","Parathas"
"2021/12/21 8:04:29 PM GMT+5:30","15-25","Female","North","Swiggy","Biryani"
"2021/12/21 8:04:42 PM GMT+5:30","25-35","Female","North","Zomato","Parathas"
"2021/12/21 8:04:51 PM GMT+5:30","25-35","Male","North","Swiggy","Parathas"
"2021/12/21 8:05:01 PM GMT+5:30","35-45","Male","North","Swiggy","Parathas"
"2021/12/21 8:05:14 PM GMT+5:30","15-25","Female","North","Swiggy","Parathas"
"2021/12/21 8:05:35 PM GMT+5:30","25-35","Male","South","Swiggy","Biryani"
"2021/12/21 8:05:46 PM GMT+5:30","25-35","Female","South","Swiggy","Biryani"
"2021/12/21 8:05:56 PM GMT+5:30","25-35","Female","South","Swiggy","Biryani"
"2021/12/21 8:06:08 PM GMT+5:30","45-55","Male","South","Zomato","Idli-wada"
"2021/12/21 8:06:20 PM GMT+5:30","45-55","Female","South","Zomato","Idli-wada"
"2021/12/21 8:06:29 PM GMT+5:30","25-35","Female","South","Swiggy","Biryani"
"2021/12/21 8:06:38 PM GMT+5:30","25-35","Male","South","Swiggy","Biryani"
"2021/12/21 8:07:02 PM GMT+5:30","25-35","Female","East","Zomato","Fish Rice"
"2021/12/21 8:07:13 PM GMT+5:30","25-35","Female","East","Zomato","Chicken Rice"
"2021/12/21 8:07:24 PM GMT+5:30","35-45","Female","East","Swiggy","Fish Rice"
"2021/12/21 8:07:35 PM GMT+5:30","25-35","Male","East","Swiggy","Fish Rice"
"2021/12/21 8:07:47 PM GMT+5:30","25-35","Male","East","Zomato","Fish Rice"
"2021/12/21 8:07:56 PM GMT+5:30","25-35","Male","East","Zomato","Fish Rice"
"2021/12/21 8:08:11 PM GMT+5:30","25-35","Male","West","Swiggy","Dal rice"
"2021/12/21 8:08:22 PM GMT+5:30","25-35","Female","West","Swiggy","Dal rice"
"2021/12/21 8:08:31 PM GMT+5:30","25-35","Female","West","Swiggy","Chapati-Sabji"
"2021/12/21 8:08:41 PM GMT+5:30","35-45","Female","West","Swiggy","Dal rice"
"2021/12/21 8:08:55 PM GMT+5:30","15-25","Male","West","Zomato","Dal rice"
"2021/12/21 8:09:05 PM GMT+5:30","25-35","Female","West","Swiggy","Dal rice"
"2021/12/22 10:48:08 AM GMT+5:30","15-25","Female","East","Swiggy","Dal rice"
"2021/12/22 10:53:16 AM GMT+5:30","25-35","Male","North","Swiggy","Parathas"